{
    "source": "tamriel/tamriel.32.0.0.btr",
    "meshName": "chunk:6",
    "blockIndex": 5,
    "texturePaths": [
        "textures\\terrain\\tamriel\\skyrim.dds"
    ],
    "imageWidth": 16384,
    "imageHeight": 16384,
    "bounds": {
        "minX": -254800.00400543213,
        "minY": -266800.0040054321,
        "maxX": 266800.0040054321,
        "maxY": 254800.00400543213,
        "minU": 0.0,
        "minV": 0.0,
        "maxU": 1.0,
        "maxV": 1.0
    },
    "vertexStride": 4,
    "triangleStride": 3,
    "vertices": [
        266800.0040054321,
        254800.00400543213,
        1.0,
        0.0,
        -254800.00400543213,
        254800.00400543213,
        0.0,
        0.0,
        -254800.00400543213,
        -266800.0040054321,
        0.0,
        1.0,
        266800.0040054321,
        -266800.0040054321,
        1.0,
        1.0
    ],
    "triangles": [
        0,
        1,
        2,
        0,
        2,
        3
    ]
}